Zoe;Grajales;380563820014;
Damien;Freyer;380257851991;
Usha;Deraney;380489981313;
Chet;Boccard;380314196051;
Cameron;Duker;380355554350;
Kenny;Dornak;380955207534;
Sandy;Sroczynski;380842761195;
Stacy;Femia;380566121658;
Elizabet;Leigh;380347147147;
Franklyn;Gascoigne;380428025835;
Dewitt;Guiliani;380506827533;
Lyndon;Stassen;380755865312;
Alonso;Gulbraa;380697354759;
Daphne;Iorio;380245586194;
Neal;Kallmeyer;380436536699;
Necole;Cavaco;380211216686;
Wes;Reeve;380148082714;
Shannon;Racedo;380874650152;
Ghislaine;Wyre;380115112534;
Herschel;Gulke;380204595183;
Faustino;Posas;380833907604;
Bronwyn;Notice;380609288357;
Marci;Rando;380372658861;
Candy;Handerson;380101161256;
Dong;Russler;380232530701;
Terrell;Fina;380638966369;
Leone;Luminati;380414009711;
Toni;Vayda;380665387688;
Herbert;Vialpando;380302553851;
Madelene;Catherwood;380528197520;
Valentine;Belchior;380412920896;
Victor;Smolensky;380562419900;
Randal;Roehrman;380126055387;
Corey;Anliker;380208151204;
Irene;Agpaoa;380816603958;
Edward;Hufft;380639840219;
Royal;Herth;380883970819;
Elwood;Irvin;380734046366;
Junko;Masias;380868176529;
Virgilio;Kammerer;380622660426;
Arron;Blakelock;380231848567;
Tashia;Stacey;380373314891;
Cory;Parrow;380515656204;
Roland;Wilmes;380667614838;
Denis;Gerkin;380233842254;
Francis;Wombles;380201924119;
Romana;Detienne;380699236012;
Luis;Sadow;380464210364;
Cindie;Clarence;380428261980;
Zoe;Grabler;380991234567;
